epoch,log,kl,nll_upper_bound,mse,mae
1,254.844262318,
2,-35.6583368665,
3,0.752763597419,
4,-101.397603444,
5,155.576819313,
